onset	duration	trial_type	value	sample	trial_id
4.078125	1.0	1.0	2	1044	0.0
4.0859375	1.0	0.0	1	1046	n/a
4.09375	1.0	1.0	2	1048	n/a
4.1015625	1.0	0.0	1	1050	n/a
4.11328125	1.0	1.0	2	1053	n/a
4.12109375	1.0	1.0	2	1055	n/a
4.12890625	1.0	0.0	1	1057	n/a
4.13671875	1.0	0.0	1	1059	n/a
4.14453125	1.0	1.0	2	1061	n/a
4.15234375	1.0	1.0	2	1063	n/a
4.16015625	1.0	0.0	1	1065	n/a
4.16796875	1.0	1.0	2	1067	n/a
4.1796875	1.0	1.0	2	1070	n/a
4.1875	1.0	1.0	2	1072	n/a
4.1953125	1.0	0.0	1	1074	n/a
4.203125	1.0	1.0	2	1076	n/a
4.2109375	1.0	1.0	2	1078	n/a
4.21875	1.0	0.0	1	1080	n/a
4.2265625	1.0	1.0	2	1082	n/a
4.23828125	1.0	0.0	1	1085	n/a
4.24609375	1.0	0.0	1	1087	n/a
4.25390625	1.0	1.0	2	1089	n/a
4.26171875	1.0	0.0	1	1091	n/a
4.26953125	1.0	0.0	1	1093	n/a
4.27734375	1.0	1.0	2	1095	n/a
4.28515625	1.0	1.0	2	1097	n/a
4.29296875	1.0	1.0	2	1099	n/a
4.3046875	1.0	0.0	1	1102	n/a
4.3125	1.0	0.0	1	1104	n/a
4.3203125	1.0	0.0	1	1106	n/a
4.328125	1.0	1.0	2	1108	n/a
4.3359375	1.0	0.0	1	1110	n/a
4.34375	1.0	1.0	2	1112	n/a
4.3515625	1.0	1.0	2	1114	n/a
4.36328125	1.0	1.0	2	1117	n/a
4.37109375	1.0	1.0	2	1119	n/a
4.37890625	1.0	0.0	1	1121	n/a
4.38671875	1.0	0.0	1	1123	n/a
4.39453125	1.0	1.0	2	1125	n/a
4.40234375	1.0	0.0	1	1127	n/a
4.41015625	1.0	1.0	2	1129	n/a
4.41796875	1.0	0.0	1	1131	n/a
4.4296875	1.0	0.0	1	1134	n/a
4.4375	1.0	0.0	1	1136	n/a
4.4453125	1.0	1.0	2	1138	n/a
4.453125	1.0	1.0	2	1140	n/a
4.4609375	1.0	0.0	1	1142	n/a
4.46875	1.0	0.0	1	1144	n/a
4.4765625	1.0	0.0	1	1146	n/a
4.48828125	1.0	0.0	1	1149	n/a
4.49609375	1.0	1.0	2	1151	n/a
4.50390625	1.0	0.0	1	1153	n/a
4.51171875	1.0	0.0	1	1155	n/a
4.51953125	1.0	0.0	1	1157	n/a
4.52734375	1.0	0.0	1	1159	n/a
4.53515625	1.0	0.0	1	1161	n/a
4.54296875	1.0	1.0	2	1163	n/a
4.5546875	1.0	1.0	2	1166	n/a
4.5625	1.0	1.0	2	1168	n/a
4.5703125	1.0	1.0	2	1170	n/a
4.578125	1.0	1.0	2	1172	n/a
4.5859375	1.0	1.0	2	1174	n/a
4.59375	1.0	0.0	1	1176	n/a
11.28515625	1.0	1.0	2	2889	1.0
11.29296875	1.0	0.0	1	2891	n/a
11.30078125	1.0	1.0	2	2893	n/a
11.30859375	1.0	0.0	1	2895	n/a
11.3203125	1.0	1.0	2	2898	n/a
11.328125	1.0	1.0	2	2900	n/a
11.3359375	1.0	0.0	1	2902	n/a
11.34375	1.0	0.0	1	2904	n/a
11.3515625	1.0	1.0	2	2906	n/a
11.359375	1.0	1.0	2	2908	n/a
11.3671875	1.0	0.0	1	2910	n/a
11.375	1.0	1.0	2	2912	n/a
11.38671875	1.0	1.0	2	2915	n/a
11.39453125	1.0	1.0	2	2917	n/a
11.40234375	1.0	0.0	1	2919	n/a
11.41015625	1.0	1.0	2	2921	n/a
11.41796875	1.0	1.0	2	2923	n/a
11.42578125	1.0	0.0	1	2925	n/a
11.43359375	1.0	1.0	2	2927	n/a
11.4453125	1.0	0.0	1	2930	n/a
11.453125	1.0	0.0	1	2932	n/a
11.4609375	1.0	1.0	2	2934	n/a
11.46875	1.0	0.0	1	2936	n/a
11.4765625	1.0	0.0	1	2938	n/a
11.484375	1.0	1.0	2	2940	n/a
11.4921875	1.0	1.0	2	2942	n/a
11.5	1.0	1.0	2	2944	n/a
11.51171875	1.0	0.0	1	2947	n/a
11.51953125	1.0	0.0	1	2949	n/a
11.52734375	1.0	0.0	1	2951	n/a
11.53515625	1.0	1.0	2	2953	n/a
11.54296875	1.0	0.0	1	2955	n/a
11.55078125	1.0	1.0	2	2957	n/a
11.55859375	1.0	1.0	2	2959	n/a
11.5703125	1.0	1.0	2	2962	n/a
11.578125	1.0	1.0	2	2964	n/a
11.5859375	1.0	0.0	1	2966	n/a
11.59375	1.0	0.0	1	2968	n/a
11.6015625	1.0	1.0	2	2970	n/a
11.609375	1.0	0.0	1	2972	n/a
11.6171875	1.0	1.0	2	2974	n/a
11.625	1.0	0.0	1	2976	n/a
11.63671875	1.0	0.0	1	2979	n/a
11.64453125	1.0	0.0	1	2981	n/a
11.65234375	1.0	1.0	2	2983	n/a
11.66015625	1.0	1.0	2	2985	n/a
11.66796875	1.0	0.0	1	2987	n/a
11.67578125	1.0	0.0	1	2989	n/a
11.68359375	1.0	0.0	1	2991	n/a
11.6953125	1.0	0.0	1	2994	n/a
11.703125	1.0	1.0	2	2996	n/a
11.7109375	1.0	0.0	1	2998	n/a
11.71875	1.0	0.0	1	3000	n/a
11.7265625	1.0	0.0	1	3002	n/a
11.734375	1.0	0.0	1	3004	n/a
11.7421875	1.0	0.0	1	3006	n/a
11.75	1.0	1.0	2	3008	n/a
11.76171875	1.0	1.0	2	3011	n/a
11.76953125	1.0	1.0	2	3013	n/a
11.77734375	1.0	1.0	2	3015	n/a
11.78515625	1.0	1.0	2	3017	n/a
11.79296875	1.0	1.0	2	3019	n/a
11.80078125	1.0	0.0	1	3021	n/a
18.4921875	1.0	1.0	2	4734	2.0
18.5	1.0	0.0	1	4736	n/a
18.5078125	1.0	1.0	2	4738	n/a
18.515625	1.0	0.0	1	4740	n/a
18.52734375	1.0	1.0	2	4743	n/a
18.53515625	1.0	1.0	2	4745	n/a
18.54296875	1.0	0.0	1	4747	n/a
18.55078125	1.0	0.0	1	4749	n/a
18.55859375	1.0	1.0	2	4751	n/a
18.56640625	1.0	1.0	2	4753	n/a
18.57421875	1.0	0.0	1	4755	n/a
18.58203125	1.0	1.0	2	4757	n/a
18.59375	1.0	1.0	2	4760	n/a
18.6015625	1.0	1.0	2	4762	n/a
18.609375	1.0	0.0	1	4764	n/a
18.6171875	1.0	1.0	2	4766	n/a
18.625	1.0	1.0	2	4768	n/a
18.6328125	1.0	0.0	1	4770	n/a
18.640625	1.0	1.0	2	4772	n/a
18.65234375	1.0	0.0	1	4775	n/a
18.66015625	1.0	0.0	1	4777	n/a
18.66796875	1.0	1.0	2	4779	n/a
18.67578125	1.0	0.0	1	4781	n/a
18.68359375	1.0	0.0	1	4783	n/a
18.69140625	1.0	1.0	2	4785	n/a
18.69921875	1.0	1.0	2	4787	n/a
18.70703125	1.0	1.0	2	4789	n/a
18.71875	1.0	0.0	1	4792	n/a
18.7265625	1.0	0.0	1	4794	n/a
18.734375	1.0	0.0	1	4796	n/a
18.7421875	1.0	1.0	2	4798	n/a
18.75	1.0	0.0	1	4800	n/a
18.7578125	1.0	1.0	2	4802	n/a
18.765625	1.0	1.0	2	4804	n/a
18.77734375	1.0	1.0	2	4807	n/a
18.78515625	1.0	1.0	2	4809	n/a
18.79296875	1.0	0.0	1	4811	n/a
18.80078125	1.0	0.0	1	4813	n/a
18.80859375	1.0	1.0	2	4815	n/a
18.81640625	1.0	0.0	1	4817	n/a
18.82421875	1.0	1.0	2	4819	n/a
18.83203125	1.0	0.0	1	4821	n/a
18.84375	1.0	0.0	1	4824	n/a
18.8515625	1.0	0.0	1	4826	n/a
18.859375	1.0	1.0	2	4828	n/a
18.8671875	1.0	1.0	2	4830	n/a
18.875	1.0	0.0	1	4832	n/a
18.8828125	1.0	0.0	1	4834	n/a
18.890625	1.0	0.0	1	4836	n/a
18.90234375	1.0	0.0	1	4839	n/a
18.91015625	1.0	1.0	2	4841	n/a
18.91796875	1.0	0.0	1	4843	n/a
18.92578125	1.0	0.0	1	4845	n/a
18.93359375	1.0	0.0	1	4847	n/a
18.94140625	1.0	0.0	1	4849	n/a
18.94921875	1.0	0.0	1	4851	n/a
18.95703125	1.0	1.0	2	4853	n/a
18.96875	1.0	1.0	2	4856	n/a
18.9765625	1.0	1.0	2	4858	n/a
18.984375	1.0	1.0	2	4860	n/a
18.9921875	1.0	1.0	2	4862	n/a
19.0	1.0	1.0	2	4864	n/a
19.0078125	1.0	0.0	1	4866	n/a
25.703125	1.0	1.0	2	6580	3.0
25.7109375	1.0	0.0	1	6582	n/a
25.71875	1.0	1.0	2	6584	n/a
25.7265625	1.0	0.0	1	6586	n/a
25.73828125	1.0	1.0	2	6589	n/a
25.74609375	1.0	1.0	2	6591	n/a
25.75390625	1.0	0.0	1	6593	n/a
25.76171875	1.0	0.0	1	6595	n/a
25.76953125	1.0	1.0	2	6597	n/a
25.77734375	1.0	1.0	2	6599	n/a
25.78515625	1.0	0.0	1	6601	n/a
25.79296875	1.0	1.0	2	6603	n/a
25.8046875	1.0	1.0	2	6606	n/a
25.8125	1.0	1.0	2	6608	n/a
25.8203125	1.0	0.0	1	6610	n/a
25.828125	1.0	1.0	2	6612	n/a
25.8359375	1.0	1.0	2	6614	n/a
25.84375	1.0	0.0	1	6616	n/a
25.8515625	1.0	1.0	2	6618	n/a
25.86328125	1.0	0.0	1	6621	n/a
25.87109375	1.0	0.0	1	6623	n/a
25.87890625	1.0	1.0	2	6625	n/a
25.88671875	1.0	0.0	1	6627	n/a
25.89453125	1.0	0.0	1	6629	n/a
25.90234375	1.0	1.0	2	6631	n/a
25.91015625	1.0	1.0	2	6633	n/a
25.91796875	1.0	1.0	2	6635	n/a
25.9296875	1.0	0.0	1	6638	n/a
25.9375	1.0	0.0	1	6640	n/a
25.9453125	1.0	0.0	1	6642	n/a
25.953125	1.0	1.0	2	6644	n/a
25.9609375	1.0	0.0	1	6646	n/a
25.96875	1.0	1.0	2	6648	n/a
25.9765625	1.0	1.0	2	6650	n/a
25.98828125	1.0	1.0	2	6653	n/a
25.99609375	1.0	1.0	2	6655	n/a
26.00390625	1.0	0.0	1	6657	n/a
26.01171875	1.0	0.0	1	6659	n/a
26.01953125	1.0	1.0	2	6661	n/a
26.02734375	1.0	0.0	1	6663	n/a
26.03515625	1.0	1.0	2	6665	n/a
26.04296875	1.0	0.0	1	6667	n/a
26.0546875	1.0	0.0	1	6670	n/a
26.0625	1.0	0.0	1	6672	n/a
26.0703125	1.0	1.0	2	6674	n/a
26.078125	1.0	1.0	2	6676	n/a
26.0859375	1.0	0.0	1	6678	n/a
26.09375	1.0	0.0	1	6680	n/a
26.1015625	1.0	0.0	1	6682	n/a
26.11328125	1.0	0.0	1	6685	n/a
26.12109375	1.0	1.0	2	6687	n/a
26.12890625	1.0	0.0	1	6689	n/a
26.13671875	1.0	0.0	1	6691	n/a
26.14453125	1.0	0.0	1	6693	n/a
26.15234375	1.0	0.0	1	6695	n/a
26.16015625	1.0	0.0	1	6697	n/a
26.16796875	1.0	1.0	2	6699	n/a
26.1796875	1.0	1.0	2	6702	n/a
26.1875	1.0	1.0	2	6704	n/a
26.1953125	1.0	1.0	2	6706	n/a
26.203125	1.0	1.0	2	6708	n/a
26.2109375	1.0	1.0	2	6710	n/a
26.21875	1.0	0.0	1	6712	n/a
32.91796875	1.0	1.0	2	8427	4.0
32.92578125	1.0	0.0	1	8429	n/a
32.93359375	1.0	1.0	2	8431	n/a
32.94140625	1.0	0.0	1	8433	n/a
32.953125	1.0	1.0	2	8436	n/a
32.9609375	1.0	1.0	2	8438	n/a
32.96875	1.0	0.0	1	8440	n/a
32.9765625	1.0	0.0	1	8442	n/a
32.984375	1.0	1.0	2	8444	n/a
32.9921875	1.0	1.0	2	8446	n/a
33.0	1.0	0.0	1	8448	n/a
33.0078125	1.0	1.0	2	8450	n/a
33.01953125	1.0	1.0	2	8453	n/a
33.02734375	1.0	1.0	2	8455	n/a
33.03515625	1.0	0.0	1	8457	n/a
33.04296875	1.0	1.0	2	8459	n/a
33.05078125	1.0	1.0	2	8461	n/a
33.05859375	1.0	0.0	1	8463	n/a
33.06640625	1.0	1.0	2	8465	n/a
33.078125	1.0	0.0	1	8468	n/a
33.0859375	1.0	0.0	1	8470	n/a
33.09375	1.0	1.0	2	8472	n/a
33.1015625	1.0	0.0	1	8474	n/a
33.109375	1.0	0.0	1	8476	n/a
33.1171875	1.0	1.0	2	8478	n/a
33.125	1.0	1.0	2	8480	n/a
33.1328125	1.0	1.0	2	8482	n/a
33.14453125	1.0	0.0	1	8485	n/a
33.15234375	1.0	0.0	1	8487	n/a
33.16015625	1.0	0.0	1	8489	n/a
33.16796875	1.0	1.0	2	8491	n/a
33.17578125	1.0	0.0	1	8493	n/a
33.18359375	1.0	1.0	2	8495	n/a
33.19140625	1.0	1.0	2	8497	n/a
33.203125	1.0	1.0	2	8500	n/a
33.2109375	1.0	1.0	2	8502	n/a
33.21875	1.0	0.0	1	8504	n/a
33.2265625	1.0	0.0	1	8506	n/a
33.234375	1.0	1.0	2	8508	n/a
33.2421875	1.0	0.0	1	8510	n/a
33.25	1.0	1.0	2	8512	n/a
33.2578125	1.0	0.0	1	8514	n/a
33.26953125	1.0	0.0	1	8517	n/a
33.27734375	1.0	0.0	1	8519	n/a
33.28515625	1.0	1.0	2	8521	n/a
33.29296875	1.0	1.0	2	8523	n/a
33.30078125	1.0	0.0	1	8525	n/a
33.30859375	1.0	0.0	1	8527	n/a
33.31640625	1.0	0.0	1	8529	n/a
33.328125	1.0	0.0	1	8532	n/a
33.3359375	1.0	1.0	2	8534	n/a
33.34375	1.0	0.0	1	8536	n/a
33.3515625	1.0	0.0	1	8538	n/a
33.359375	1.0	0.0	1	8540	n/a
33.3671875	1.0	0.0	1	8542	n/a
33.375	1.0	0.0	1	8544	n/a
33.3828125	1.0	1.0	2	8546	n/a
33.39453125	1.0	1.0	2	8549	n/a
33.40234375	1.0	1.0	2	8551	n/a
33.41015625	1.0	1.0	2	8553	n/a
33.41796875	1.0	1.0	2	8555	n/a
33.42578125	1.0	1.0	2	8557	n/a
33.43359375	1.0	0.0	1	8559	n/a
40.15234375	1.0	1.0	2	10279	5.0
40.16015625	1.0	0.0	1	10281	n/a
40.16796875	1.0	1.0	2	10283	n/a
40.17578125	1.0	0.0	1	10285	n/a
40.1875	1.0	1.0	2	10288	n/a
40.1953125	1.0	1.0	2	10290	n/a
40.203125	1.0	0.0	1	10292	n/a
40.2109375	1.0	0.0	1	10294	n/a
40.21875	1.0	1.0	2	10296	n/a
40.2265625	1.0	1.0	2	10298	n/a
40.234375	1.0	0.0	1	10300	n/a
40.2421875	1.0	1.0	2	10302	n/a
40.25390625	1.0	1.0	2	10305	n/a
40.26171875	1.0	1.0	2	10307	n/a
40.26953125	1.0	0.0	1	10309	n/a
40.27734375	1.0	1.0	2	10311	n/a
40.28515625	1.0	1.0	2	10313	n/a
40.29296875	1.0	0.0	1	10315	n/a
40.30078125	1.0	1.0	2	10317	n/a
40.3125	1.0	0.0	1	10320	n/a
40.3203125	1.0	0.0	1	10322	n/a
40.328125	1.0	1.0	2	10324	n/a
40.3359375	1.0	0.0	1	10326	n/a
40.34375	1.0	0.0	1	10328	n/a
40.3515625	1.0	1.0	2	10330	n/a
40.359375	1.0	1.0	2	10332	n/a
40.3671875	1.0	1.0	2	10334	n/a
40.37890625	1.0	0.0	1	10337	n/a
40.38671875	1.0	0.0	1	10339	n/a
40.39453125	1.0	0.0	1	10341	n/a
40.40234375	1.0	1.0	2	10343	n/a
40.41015625	1.0	0.0	1	10345	n/a
40.41796875	1.0	1.0	2	10347	n/a
40.42578125	1.0	1.0	2	10349	n/a
40.4375	1.0	1.0	2	10352	n/a
40.4453125	1.0	1.0	2	10354	n/a
40.453125	1.0	0.0	1	10356	n/a
40.4609375	1.0	0.0	1	10358	n/a
40.46875	1.0	1.0	2	10360	n/a
40.4765625	1.0	0.0	1	10362	n/a
40.484375	1.0	1.0	2	10364	n/a
40.4921875	1.0	0.0	1	10366	n/a
40.50390625	1.0	0.0	1	10369	n/a
40.51171875	1.0	0.0	1	10371	n/a
40.51953125	1.0	1.0	2	10373	n/a
40.52734375	1.0	1.0	2	10375	n/a
40.53515625	1.0	0.0	1	10377	n/a
40.54296875	1.0	0.0	1	10379	n/a
40.55078125	1.0	0.0	1	10381	n/a
40.5625	1.0	0.0	1	10384	n/a
40.5703125	1.0	1.0	2	10386	n/a
40.578125	1.0	0.0	1	10388	n/a
40.5859375	1.0	0.0	1	10390	n/a
40.59375	1.0	0.0	1	10392	n/a
40.6015625	1.0	0.0	1	10394	n/a
40.609375	1.0	0.0	1	10396	n/a
40.6171875	1.0	1.0	2	10398	n/a
40.62890625	1.0	1.0	2	10401	n/a
40.63671875	1.0	1.0	2	10403	n/a
40.64453125	1.0	1.0	2	10405	n/a
40.65234375	1.0	1.0	2	10407	n/a
40.66015625	1.0	1.0	2	10409	n/a
40.66796875	1.0	0.0	1	10411	n/a
47.37890625	1.0	1.0	2	12129	6.0
47.38671875	1.0	0.0	1	12131	n/a
47.39453125	1.0	1.0	2	12133	n/a
47.40234375	1.0	0.0	1	12135	n/a
47.4140625	1.0	1.0	2	12138	n/a
47.421875	1.0	1.0	2	12140	n/a
47.4296875	1.0	0.0	1	12142	n/a
47.4375	1.0	0.0	1	12144	n/a
47.4453125	1.0	1.0	2	12146	n/a
47.453125	1.0	1.0	2	12148	n/a
47.4609375	1.0	0.0	1	12150	n/a
47.46875	1.0	1.0	2	12152	n/a
47.48046875	1.0	1.0	2	12155	n/a
47.48828125	1.0	1.0	2	12157	n/a
47.49609375	1.0	0.0	1	12159	n/a
47.50390625	1.0	1.0	2	12161	n/a
47.51171875	1.0	1.0	2	12163	n/a
47.51953125	1.0	0.0	1	12165	n/a
47.52734375	1.0	1.0	2	12167	n/a
47.5390625	1.0	0.0	1	12170	n/a
47.546875	1.0	0.0	1	12172	n/a
47.5546875	1.0	1.0	2	12174	n/a
47.5625	1.0	0.0	1	12176	n/a
47.5703125	1.0	0.0	1	12178	n/a
47.578125	1.0	1.0	2	12180	n/a
47.5859375	1.0	1.0	2	12182	n/a
47.59375	1.0	1.0	2	12184	n/a
47.60546875	1.0	0.0	1	12187	n/a
47.61328125	1.0	0.0	1	12189	n/a
47.62109375	1.0	0.0	1	12191	n/a
47.62890625	1.0	1.0	2	12193	n/a
47.63671875	1.0	0.0	1	12195	n/a
47.64453125	1.0	1.0	2	12197	n/a
47.65234375	1.0	1.0	2	12199	n/a
47.6640625	1.0	1.0	2	12202	n/a
47.671875	1.0	1.0	2	12204	n/a
47.6796875	1.0	0.0	1	12206	n/a
47.6875	1.0	0.0	1	12208	n/a
47.6953125	1.0	1.0	2	12210	n/a
47.703125	1.0	0.0	1	12212	n/a
47.7109375	1.0	1.0	2	12214	n/a
47.71875	1.0	0.0	1	12216	n/a
47.73046875	1.0	0.0	1	12219	n/a
47.73828125	1.0	0.0	1	12221	n/a
47.74609375	1.0	1.0	2	12223	n/a
47.75390625	1.0	1.0	2	12225	n/a
47.76171875	1.0	0.0	1	12227	n/a
47.76953125	1.0	0.0	1	12229	n/a
47.77734375	1.0	0.0	1	12231	n/a
47.7890625	1.0	0.0	1	12234	n/a
47.796875	1.0	1.0	2	12236	n/a
47.8046875	1.0	0.0	1	12238	n/a
47.8125	1.0	0.0	1	12240	n/a
47.8203125	1.0	0.0	1	12242	n/a
47.828125	1.0	0.0	1	12244	n/a
47.8359375	1.0	0.0	1	12246	n/a
47.84375	1.0	1.0	2	12248	n/a
47.85546875	1.0	1.0	2	12251	n/a
47.86328125	1.0	1.0	2	12253	n/a
47.87109375	1.0	1.0	2	12255	n/a
47.87890625	1.0	1.0	2	12257	n/a
47.88671875	1.0	1.0	2	12259	n/a
47.89453125	1.0	0.0	1	12261	n/a
54.5859375	1.0	1.0	2	13974	7.0
54.59375	1.0	0.0	1	13976	n/a
54.6015625	1.0	1.0	2	13978	n/a
54.609375	1.0	0.0	1	13980	n/a
54.62109375	1.0	1.0	2	13983	n/a
54.62890625	1.0	1.0	2	13985	n/a
54.63671875	1.0	0.0	1	13987	n/a
54.64453125	1.0	0.0	1	13989	n/a
54.65234375	1.0	1.0	2	13991	n/a
54.66015625	1.0	1.0	2	13993	n/a
54.66796875	1.0	0.0	1	13995	n/a
54.67578125	1.0	1.0	2	13997	n/a
54.6875	1.0	1.0	2	14000	n/a
54.6953125	1.0	1.0	2	14002	n/a
54.703125	1.0	0.0	1	14004	n/a
54.7109375	1.0	1.0	2	14006	n/a
54.71875	1.0	1.0	2	14008	n/a
54.7265625	1.0	0.0	1	14010	n/a
54.734375	1.0	1.0	2	14012	n/a
54.74609375	1.0	0.0	1	14015	n/a
54.75390625	1.0	0.0	1	14017	n/a
54.76171875	1.0	1.0	2	14019	n/a
54.76953125	1.0	0.0	1	14021	n/a
54.77734375	1.0	0.0	1	14023	n/a
54.78515625	1.0	1.0	2	14025	n/a
54.79296875	1.0	1.0	2	14027	n/a
54.80078125	1.0	1.0	2	14029	n/a
54.8125	1.0	0.0	1	14032	n/a
54.8203125	1.0	0.0	1	14034	n/a
54.828125	1.0	0.0	1	14036	n/a
54.8359375	1.0	1.0	2	14038	n/a
54.84375	1.0	0.0	1	14040	n/a
54.8515625	1.0	1.0	2	14042	n/a
54.859375	1.0	1.0	2	14044	n/a
54.87109375	1.0	1.0	2	14047	n/a
54.87890625	1.0	1.0	2	14049	n/a
54.88671875	1.0	0.0	1	14051	n/a
54.89453125	1.0	0.0	1	14053	n/a
54.90234375	1.0	1.0	2	14055	n/a
54.91015625	1.0	0.0	1	14057	n/a
54.91796875	1.0	1.0	2	14059	n/a
54.92578125	1.0	0.0	1	14061	n/a
54.9375	1.0	0.0	1	14064	n/a
54.9453125	1.0	0.0	1	14066	n/a
54.953125	1.0	1.0	2	14068	n/a
54.9609375	1.0	1.0	2	14070	n/a
54.96875	1.0	0.0	1	14072	n/a
54.9765625	1.0	0.0	1	14074	n/a
54.984375	1.0	0.0	1	14076	n/a
54.99609375	1.0	0.0	1	14079	n/a
55.00390625	1.0	1.0	2	14081	n/a
55.01171875	1.0	0.0	1	14083	n/a
55.01953125	1.0	0.0	1	14085	n/a
55.02734375	1.0	0.0	1	14087	n/a
55.03515625	1.0	0.0	1	14089	n/a
55.04296875	1.0	0.0	1	14091	n/a
55.05078125	1.0	1.0	2	14093	n/a
55.0625	1.0	1.0	2	14096	n/a
55.0703125	1.0	1.0	2	14098	n/a
55.078125	1.0	1.0	2	14100	n/a
55.0859375	1.0	1.0	2	14102	n/a
55.09375	1.0	1.0	2	14104	n/a
55.1015625	1.0	0.0	1	14106	n/a
61.796875	1.0	1.0	2	15820	8.0
61.8046875	1.0	0.0	1	15822	n/a
61.8125	1.0	1.0	2	15824	n/a
61.8203125	1.0	0.0	1	15826	n/a
61.83203125	1.0	1.0	2	15829	n/a
61.83984375	1.0	1.0	2	15831	n/a
61.84765625	1.0	0.0	1	15833	n/a
61.85546875	1.0	0.0	1	15835	n/a
61.86328125	1.0	1.0	2	15837	n/a
61.87109375	1.0	1.0	2	15839	n/a
61.87890625	1.0	0.0	1	15841	n/a
61.88671875	1.0	1.0	2	15843	n/a
61.8984375	1.0	1.0	2	15846	n/a
61.90625	1.0	1.0	2	15848	n/a
61.9140625	1.0	0.0	1	15850	n/a
61.921875	1.0	1.0	2	15852	n/a
61.9296875	1.0	1.0	2	15854	n/a
61.9375	1.0	0.0	1	15856	n/a
61.9453125	1.0	1.0	2	15858	n/a
61.95703125	1.0	0.0	1	15861	n/a
61.96484375	1.0	0.0	1	15863	n/a
61.97265625	1.0	1.0	2	15865	n/a
61.98046875	1.0	0.0	1	15867	n/a
61.98828125	1.0	0.0	1	15869	n/a
61.99609375	1.0	1.0	2	15871	n/a
62.00390625	1.0	1.0	2	15873	n/a
62.01171875	1.0	1.0	2	15875	n/a
62.0234375	1.0	0.0	1	15878	n/a
62.03125	1.0	0.0	1	15880	n/a
62.0390625	1.0	0.0	1	15882	n/a
62.046875	1.0	1.0	2	15884	n/a
62.0546875	1.0	0.0	1	15886	n/a
62.0625	1.0	1.0	2	15888	n/a
62.0703125	1.0	1.0	2	15890	n/a
62.08203125	1.0	1.0	2	15893	n/a
62.08984375	1.0	1.0	2	15895	n/a
62.09765625	1.0	0.0	1	15897	n/a
62.10546875	1.0	0.0	1	15899	n/a
62.11328125	1.0	1.0	2	15901	n/a
62.12109375	1.0	0.0	1	15903	n/a
62.12890625	1.0	1.0	2	15905	n/a
62.13671875	1.0	0.0	1	15907	n/a
62.1484375	1.0	0.0	1	15910	n/a
62.15625	1.0	0.0	1	15912	n/a
62.1640625	1.0	1.0	2	15914	n/a
62.171875	1.0	1.0	2	15916	n/a
62.1796875	1.0	0.0	1	15918	n/a
62.1875	1.0	0.0	1	15920	n/a
62.1953125	1.0	0.0	1	15922	n/a
62.20703125	1.0	0.0	1	15925	n/a
62.21484375	1.0	1.0	2	15927	n/a
62.22265625	1.0	0.0	1	15929	n/a
62.23046875	1.0	0.0	1	15931	n/a
62.23828125	1.0	0.0	1	15933	n/a
62.24609375	1.0	0.0	1	15935	n/a
62.25390625	1.0	0.0	1	15937	n/a
62.26171875	1.0	1.0	2	15939	n/a
62.2734375	1.0	1.0	2	15942	n/a
62.28125	1.0	1.0	2	15944	n/a
62.2890625	1.0	1.0	2	15946	n/a
62.296875	1.0	1.0	2	15948	n/a
62.3046875	1.0	1.0	2	15950	n/a
62.3125	1.0	0.0	1	15952	n/a
69.00390625	1.0	1.0	2	17665	9.0
69.01171875	1.0	0.0	1	17667	n/a
69.01953125	1.0	1.0	2	17669	n/a
69.02734375	1.0	0.0	1	17671	n/a
69.0390625	1.0	1.0	2	17674	n/a
69.046875	1.0	1.0	2	17676	n/a
69.0546875	1.0	0.0	1	17678	n/a
69.0625	1.0	0.0	1	17680	n/a
69.0703125	1.0	1.0	2	17682	n/a
69.078125	1.0	1.0	2	17684	n/a
69.0859375	1.0	0.0	1	17686	n/a
69.09375	1.0	1.0	2	17688	n/a
69.10546875	1.0	1.0	2	17691	n/a
69.11328125	1.0	1.0	2	17693	n/a
69.12109375	1.0	0.0	1	17695	n/a
69.12890625	1.0	1.0	2	17697	n/a
69.13671875	1.0	1.0	2	17699	n/a
69.14453125	1.0	0.0	1	17701	n/a
69.15234375	1.0	1.0	2	17703	n/a
69.1640625	1.0	0.0	1	17706	n/a
69.171875	1.0	0.0	1	17708	n/a
69.1796875	1.0	1.0	2	17710	n/a
69.1875	1.0	0.0	1	17712	n/a
69.1953125	1.0	0.0	1	17714	n/a
69.203125	1.0	1.0	2	17716	n/a
69.2109375	1.0	1.0	2	17718	n/a
69.21875	1.0	1.0	2	17720	n/a
69.23046875	1.0	0.0	1	17723	n/a
69.23828125	1.0	0.0	1	17725	n/a
69.24609375	1.0	0.0	1	17727	n/a
69.25390625	1.0	1.0	2	17729	n/a
69.26171875	1.0	0.0	1	17731	n/a
69.26953125	1.0	1.0	2	17733	n/a
69.27734375	1.0	1.0	2	17735	n/a
69.2890625	1.0	1.0	2	17738	n/a
69.296875	1.0	1.0	2	17740	n/a
69.3046875	1.0	0.0	1	17742	n/a
69.3125	1.0	0.0	1	17744	n/a
69.3203125	1.0	1.0	2	17746	n/a
69.328125	1.0	0.0	1	17748	n/a
69.3359375	1.0	1.0	2	17750	n/a
69.34375	1.0	0.0	1	17752	n/a
69.35546875	1.0	0.0	1	17755	n/a
69.36328125	1.0	0.0	1	17757	n/a
69.37109375	1.0	1.0	2	17759	n/a
69.37890625	1.0	1.0	2	17761	n/a
69.38671875	1.0	0.0	1	17763	n/a
69.39453125	1.0	0.0	1	17765	n/a
69.40234375	1.0	0.0	1	17767	n/a
69.4140625	1.0	0.0	1	17770	n/a
69.421875	1.0	1.0	2	17772	n/a
69.4296875	1.0	0.0	1	17774	n/a
69.4375	1.0	0.0	1	17776	n/a
69.4453125	1.0	0.0	1	17778	n/a
69.453125	1.0	0.0	1	17780	n/a
69.4609375	1.0	0.0	1	17782	n/a
69.46875	1.0	1.0	2	17784	n/a
69.48046875	1.0	1.0	2	17787	n/a
69.48828125	1.0	1.0	2	17789	n/a
69.49609375	1.0	1.0	2	17791	n/a
69.50390625	1.0	1.0	2	17793	n/a
69.51171875	1.0	1.0	2	17795	n/a
69.51953125	1.0	0.0	1	17797	n/a
76.23046875	1.0	1.0	2	19515	10.0
76.23828125	1.0	0.0	1	19517	n/a
76.24609375	1.0	1.0	2	19519	n/a
76.25390625	1.0	0.0	1	19521	n/a
76.265625	1.0	1.0	2	19524	n/a
76.2734375	1.0	1.0	2	19526	n/a
76.28125	1.0	0.0	1	19528	n/a
76.2890625	1.0	0.0	1	19530	n/a
76.296875	1.0	1.0	2	19532	n/a
76.3046875	1.0	1.0	2	19534	n/a
76.3125	1.0	0.0	1	19536	n/a
76.3203125	1.0	1.0	2	19538	n/a
76.33203125	1.0	1.0	2	19541	n/a
76.33984375	1.0	1.0	2	19543	n/a
76.34765625	1.0	0.0	1	19545	n/a
76.35546875	1.0	1.0	2	19547	n/a
76.36328125	1.0	1.0	2	19549	n/a
76.37109375	1.0	0.0	1	19551	n/a
76.37890625	1.0	1.0	2	19553	n/a
76.390625	1.0	0.0	1	19556	n/a
76.3984375	1.0	0.0	1	19558	n/a
76.40625	1.0	1.0	2	19560	n/a
76.4140625	1.0	0.0	1	19562	n/a
76.421875	1.0	0.0	1	19564	n/a
76.4296875	1.0	1.0	2	19566	n/a
76.4375	1.0	1.0	2	19568	n/a
76.4453125	1.0	1.0	2	19570	n/a
76.45703125	1.0	0.0	1	19573	n/a
76.46484375	1.0	0.0	1	19575	n/a
76.47265625	1.0	0.0	1	19577	n/a
76.48046875	1.0	1.0	2	19579	n/a
76.48828125	1.0	0.0	1	19581	n/a
76.49609375	1.0	1.0	2	19583	n/a
76.50390625	1.0	1.0	2	19585	n/a
76.515625	1.0	1.0	2	19588	n/a
76.5234375	1.0	1.0	2	19590	n/a
76.53125	1.0	0.0	1	19592	n/a
76.5390625	1.0	0.0	1	19594	n/a
76.546875	1.0	1.0	2	19596	n/a
76.5546875	1.0	0.0	1	19598	n/a
76.5625	1.0	1.0	2	19600	n/a
76.5703125	1.0	0.0	1	19602	n/a
76.58203125	1.0	0.0	1	19605	n/a
76.58984375	1.0	0.0	1	19607	n/a
76.59765625	1.0	1.0	2	19609	n/a
76.60546875	1.0	1.0	2	19611	n/a
76.61328125	1.0	0.0	1	19613	n/a
76.62109375	1.0	0.0	1	19615	n/a
76.62890625	1.0	0.0	1	19617	n/a
76.640625	1.0	0.0	1	19620	n/a
76.6484375	1.0	1.0	2	19622	n/a
76.65625	1.0	0.0	1	19624	n/a
76.6640625	1.0	0.0	1	19626	n/a
76.671875	1.0	0.0	1	19628	n/a
76.6796875	1.0	0.0	1	19630	n/a
76.6875	1.0	0.0	1	19632	n/a
76.6953125	1.0	1.0	2	19634	n/a
76.70703125	1.0	1.0	2	19637	n/a
76.71484375	1.0	1.0	2	19639	n/a
76.72265625	1.0	1.0	2	19641	n/a
76.73046875	1.0	1.0	2	19643	n/a
76.73828125	1.0	1.0	2	19645	n/a
76.74609375	1.0	0.0	1	19647	n/a
83.4453125	1.0	1.0	2	21362	11.0
83.453125	1.0	0.0	1	21364	n/a
83.4609375	1.0	1.0	2	21366	n/a
83.46875	1.0	0.0	1	21368	n/a
83.48046875	1.0	1.0	2	21371	n/a
83.48828125	1.0	1.0	2	21373	n/a
83.49609375	1.0	0.0	1	21375	n/a
83.50390625	1.0	0.0	1	21377	n/a
83.51171875	1.0	1.0	2	21379	n/a
83.51953125	1.0	1.0	2	21381	n/a
83.52734375	1.0	0.0	1	21383	n/a
83.53515625	1.0	1.0	2	21385	n/a
83.546875	1.0	1.0	2	21388	n/a
83.5546875	1.0	1.0	2	21390	n/a
83.5625	1.0	0.0	1	21392	n/a
83.5703125	1.0	1.0	2	21394	n/a
83.578125	1.0	1.0	2	21396	n/a
83.5859375	1.0	0.0	1	21398	n/a
83.59375	1.0	1.0	2	21400	n/a
83.60546875	1.0	0.0	1	21403	n/a
83.61328125	1.0	0.0	1	21405	n/a
83.62109375	1.0	1.0	2	21407	n/a
83.62890625	1.0	0.0	1	21409	n/a
83.63671875	1.0	0.0	1	21411	n/a
83.64453125	1.0	1.0	2	21413	n/a
83.65234375	1.0	1.0	2	21415	n/a
83.66015625	1.0	1.0	2	21417	n/a
83.671875	1.0	0.0	1	21420	n/a
83.6796875	1.0	0.0	1	21422	n/a
83.6875	1.0	0.0	1	21424	n/a
83.6953125	1.0	1.0	2	21426	n/a
83.703125	1.0	0.0	1	21428	n/a
83.7109375	1.0	1.0	2	21430	n/a
83.71875	1.0	1.0	2	21432	n/a
83.73046875	1.0	1.0	2	21435	n/a
83.73828125	1.0	1.0	2	21437	n/a
83.74609375	1.0	0.0	1	21439	n/a
83.75390625	1.0	0.0	1	21441	n/a
83.76171875	1.0	1.0	2	21443	n/a
83.76953125	1.0	0.0	1	21445	n/a
83.77734375	1.0	1.0	2	21447	n/a
83.78515625	1.0	0.0	1	21449	n/a
83.796875	1.0	0.0	1	21452	n/a
83.8046875	1.0	0.0	1	21454	n/a
83.8125	1.0	1.0	2	21456	n/a
83.8203125	1.0	1.0	2	21458	n/a
83.828125	1.0	0.0	1	21460	n/a
83.8359375	1.0	0.0	1	21462	n/a
83.84375	1.0	0.0	1	21464	n/a
83.85546875	1.0	0.0	1	21467	n/a
83.86328125	1.0	1.0	2	21469	n/a
83.87109375	1.0	0.0	1	21471	n/a
83.87890625	1.0	0.0	1	21473	n/a
83.88671875	1.0	0.0	1	21475	n/a
83.89453125	1.0	0.0	1	21477	n/a
83.90234375	1.0	0.0	1	21479	n/a
83.91015625	1.0	1.0	2	21481	n/a
83.921875	1.0	1.0	2	21484	n/a
83.9296875	1.0	1.0	2	21486	n/a
83.9375	1.0	1.0	2	21488	n/a
83.9453125	1.0	1.0	2	21490	n/a
83.953125	1.0	1.0	2	21492	n/a
83.9609375	1.0	0.0	1	21494	n/a
90.6640625	1.0	1.0	2	23210	12.0
90.671875	1.0	0.0	1	23212	n/a
90.6796875	1.0	1.0	2	23214	n/a
90.6875	1.0	0.0	1	23216	n/a
90.69921875	1.0	1.0	2	23219	n/a
90.70703125	1.0	1.0	2	23221	n/a
90.71484375	1.0	0.0	1	23223	n/a
90.72265625	1.0	0.0	1	23225	n/a
90.73046875	1.0	1.0	2	23227	n/a
90.73828125	1.0	1.0	2	23229	n/a
90.74609375	1.0	0.0	1	23231	n/a
90.75390625	1.0	1.0	2	23233	n/a
90.765625	1.0	1.0	2	23236	n/a
90.7734375	1.0	1.0	2	23238	n/a
90.78125	1.0	0.0	1	23240	n/a
90.7890625	1.0	1.0	2	23242	n/a
90.796875	1.0	1.0	2	23244	n/a
90.8046875	1.0	0.0	1	23246	n/a
90.8125	1.0	1.0	2	23248	n/a
90.82421875	1.0	0.0	1	23251	n/a
90.83203125	1.0	0.0	1	23253	n/a
90.83984375	1.0	1.0	2	23255	n/a
90.84765625	1.0	0.0	1	23257	n/a
90.85546875	1.0	0.0	1	23259	n/a
90.86328125	1.0	1.0	2	23261	n/a
90.87109375	1.0	1.0	2	23263	n/a
90.87890625	1.0	1.0	2	23265	n/a
90.890625	1.0	0.0	1	23268	n/a
90.8984375	1.0	0.0	1	23270	n/a
90.90625	1.0	0.0	1	23272	n/a
90.9140625	1.0	1.0	2	23274	n/a
90.921875	1.0	0.0	1	23276	n/a
90.9296875	1.0	1.0	2	23278	n/a
90.9375	1.0	1.0	2	23280	n/a
90.94921875	1.0	1.0	2	23283	n/a
90.95703125	1.0	1.0	2	23285	n/a
90.96484375	1.0	0.0	1	23287	n/a
90.97265625	1.0	0.0	1	23289	n/a
90.98046875	1.0	1.0	2	23291	n/a
90.98828125	1.0	0.0	1	23293	n/a
90.99609375	1.0	1.0	2	23295	n/a
91.00390625	1.0	0.0	1	23297	n/a
91.015625	1.0	0.0	1	23300	n/a
91.0234375	1.0	0.0	1	23302	n/a
91.03125	1.0	1.0	2	23304	n/a
91.0390625	1.0	1.0	2	23306	n/a
91.046875	1.0	0.0	1	23308	n/a
91.0546875	1.0	0.0	1	23310	n/a
91.0625	1.0	0.0	1	23312	n/a
91.07421875	1.0	0.0	1	23315	n/a
91.08203125	1.0	1.0	2	23317	n/a
91.08984375	1.0	0.0	1	23319	n/a
91.09765625	1.0	0.0	1	23321	n/a
91.10546875	1.0	0.0	1	23323	n/a
91.11328125	1.0	0.0	1	23325	n/a
91.12109375	1.0	0.0	1	23327	n/a
91.12890625	1.0	1.0	2	23329	n/a
91.140625	1.0	1.0	2	23332	n/a
91.1484375	1.0	1.0	2	23334	n/a
91.15625	1.0	1.0	2	23336	n/a
91.1640625	1.0	1.0	2	23338	n/a
91.171875	1.0	1.0	2	23340	n/a
91.1796875	1.0	0.0	1	23342	n/a
97.87109375	1.0	1.0	2	25055	13.0
97.87890625	1.0	0.0	1	25057	n/a
97.88671875	1.0	1.0	2	25059	n/a
97.89453125	1.0	0.0	1	25061	n/a
97.90625	1.0	1.0	2	25064	n/a
97.9140625	1.0	1.0	2	25066	n/a
97.921875	1.0	0.0	1	25068	n/a
97.9296875	1.0	0.0	1	25070	n/a
97.9375	1.0	1.0	2	25072	n/a
97.9453125	1.0	1.0	2	25074	n/a
97.953125	1.0	0.0	1	25076	n/a
97.9609375	1.0	1.0	2	25078	n/a
97.97265625	1.0	1.0	2	25081	n/a
97.98046875	1.0	1.0	2	25083	n/a
97.98828125	1.0	0.0	1	25085	n/a
97.99609375	1.0	1.0	2	25087	n/a
98.00390625	1.0	1.0	2	25089	n/a
98.01171875	1.0	0.0	1	25091	n/a
98.01953125	1.0	1.0	2	25093	n/a
98.03125	1.0	0.0	1	25096	n/a
98.0390625	1.0	0.0	1	25098	n/a
98.046875	1.0	1.0	2	25100	n/a
98.0546875	1.0	0.0	1	25102	n/a
98.0625	1.0	0.0	1	25104	n/a
98.0703125	1.0	1.0	2	25106	n/a
98.078125	1.0	1.0	2	25108	n/a
98.0859375	1.0	1.0	2	25110	n/a
98.09765625	1.0	0.0	1	25113	n/a
98.10546875	1.0	0.0	1	25115	n/a
98.11328125	1.0	0.0	1	25117	n/a
98.12109375	1.0	1.0	2	25119	n/a
98.12890625	1.0	0.0	1	25121	n/a
98.13671875	1.0	1.0	2	25123	n/a
98.14453125	1.0	1.0	2	25125	n/a
98.15625	1.0	1.0	2	25128	n/a
98.1640625	1.0	1.0	2	25130	n/a
98.171875	1.0	0.0	1	25132	n/a
98.1796875	1.0	0.0	1	25134	n/a
98.1875	1.0	1.0	2	25136	n/a
98.1953125	1.0	0.0	1	25138	n/a
98.203125	1.0	1.0	2	25140	n/a
98.2109375	1.0	0.0	1	25142	n/a
98.22265625	1.0	0.0	1	25145	n/a
98.23046875	1.0	0.0	1	25147	n/a
98.23828125	1.0	1.0	2	25149	n/a
98.24609375	1.0	1.0	2	25151	n/a
98.25390625	1.0	0.0	1	25153	n/a
98.26171875	1.0	0.0	1	25155	n/a
98.26953125	1.0	0.0	1	25157	n/a
98.28125	1.0	0.0	1	25160	n/a
98.2890625	1.0	1.0	2	25162	n/a
98.296875	1.0	0.0	1	25164	n/a
98.3046875	1.0	0.0	1	25166	n/a
98.3125	1.0	0.0	1	25168	n/a
98.3203125	1.0	0.0	1	25170	n/a
98.328125	1.0	0.0	1	25172	n/a
98.3359375	1.0	1.0	2	25174	n/a
98.34765625	1.0	1.0	2	25177	n/a
98.35546875	1.0	1.0	2	25179	n/a
98.36328125	1.0	1.0	2	25181	n/a
98.37109375	1.0	1.0	2	25183	n/a
98.37890625	1.0	1.0	2	25185	n/a
98.38671875	1.0	0.0	1	25187	n/a
105.09765625	1.0	1.0	2	26905	14.0
105.10546875	1.0	0.0	1	26907	n/a
105.11328125	1.0	1.0	2	26909	n/a
105.12109375	1.0	0.0	1	26911	n/a
105.1328125	1.0	1.0	2	26914	n/a
105.140625	1.0	1.0	2	26916	n/a
105.1484375	1.0	0.0	1	26918	n/a
105.15625	1.0	0.0	1	26920	n/a
105.1640625	1.0	1.0	2	26922	n/a
105.171875	1.0	1.0	2	26924	n/a
105.1796875	1.0	0.0	1	26926	n/a
105.1875	1.0	1.0	2	26928	n/a
105.19921875	1.0	1.0	2	26931	n/a
105.20703125	1.0	1.0	2	26933	n/a
105.21484375	1.0	0.0	1	26935	n/a
105.22265625	1.0	1.0	2	26937	n/a
105.23046875	1.0	1.0	2	26939	n/a
105.23828125	1.0	0.0	1	26941	n/a
105.24609375	1.0	1.0	2	26943	n/a
105.2578125	1.0	0.0	1	26946	n/a
105.265625	1.0	0.0	1	26948	n/a
105.2734375	1.0	1.0	2	26950	n/a
105.28125	1.0	0.0	1	26952	n/a
105.2890625	1.0	0.0	1	26954	n/a
105.296875	1.0	1.0	2	26956	n/a
105.3046875	1.0	1.0	2	26958	n/a
105.3125	1.0	1.0	2	26960	n/a
105.32421875	1.0	0.0	1	26963	n/a
105.33203125	1.0	0.0	1	26965	n/a
105.33984375	1.0	0.0	1	26967	n/a
105.34765625	1.0	1.0	2	26969	n/a
105.35546875	1.0	0.0	1	26971	n/a
105.36328125	1.0	1.0	2	26973	n/a
105.37109375	1.0	1.0	2	26975	n/a
105.3828125	1.0	1.0	2	26978	n/a
105.390625	1.0	1.0	2	26980	n/a
105.3984375	1.0	0.0	1	26982	n/a
105.40625	1.0	0.0	1	26984	n/a
105.4140625	1.0	1.0	2	26986	n/a
105.421875	1.0	0.0	1	26988	n/a
105.4296875	1.0	1.0	2	26990	n/a
105.4375	1.0	0.0	1	26992	n/a
105.44921875	1.0	0.0	1	26995	n/a
105.45703125	1.0	0.0	1	26997	n/a
105.46484375	1.0	1.0	2	26999	n/a
105.47265625	1.0	1.0	2	27001	n/a
105.48046875	1.0	0.0	1	27003	n/a
105.48828125	1.0	0.0	1	27005	n/a
105.49609375	1.0	0.0	1	27007	n/a
105.5078125	1.0	0.0	1	27010	n/a
105.515625	1.0	1.0	2	27012	n/a
105.5234375	1.0	0.0	1	27014	n/a
105.53125	1.0	0.0	1	27016	n/a
105.5390625	1.0	0.0	1	27018	n/a
105.546875	1.0	0.0	1	27020	n/a
105.5546875	1.0	0.0	1	27022	n/a
105.5625	1.0	1.0	2	27024	n/a
105.57421875	1.0	1.0	2	27027	n/a
105.58203125	1.0	1.0	2	27029	n/a
105.58984375	1.0	1.0	2	27031	n/a
105.59765625	1.0	1.0	2	27033	n/a
105.60546875	1.0	1.0	2	27035	n/a
105.61328125	1.0	0.0	1	27037	n/a
